<?xml version="1.0" encoding="UTF-8"?>
<actions>
        <action>
            <actionName>rebuild</actionName>
            <packagings>
                <packaging>*</packaging>
            </packagings>
            <goals>
                <goal>clean</goal>
                <goal>install</goal>
                
                
                
                
            </goals>
        </action>
        <action>
            <actionName>CUSTOM-Clean,build,copy</actionName>
            <displayName>Clean,build,copy</displayName>
            <goals>
                <goal>clean</goal>
                <goal>install</goal>
                <goal>;</goal>
                <goal>cp</goal>
                <goal>/home/dielly/NetBeansProjects/exemplo/src/test/java/exemplo/maven/ValidarChassiTest.java</goal>
                <goal>/home/dielly/Documentos/git/Comunidades/</goal>
            </goals>
        </action>
    </actions>
